,SalePrice
MSSubClass,-0.06283439959436887
MSZoning,-0.20712209386420405
LotFrontage,0.33489718326981466
LotArea,0.26384335387140495
Street,0.041035535500049444
Alley,0.08312112052038129
LotShape,-0.2555798704871226
LandContour,0.01545324166096032
Utilities,-0.01431429614724879
LotConfig,-0.06739602315941753
LandSlope,0.05115224817946639
Neighborhood,0.21085146582230296
Condition1,0.09115491154092806
Condition2,0.0017224413902566515
BldgType,-0.08559060818352951
HouseStyle,0.18016262334399108
OverallQual,0.7909816005838054
OverallCond,-0.07785589404867795
YearBuilt,0.5228973328794969
YearRemodAdd,0.5071009671113867
RoofStyle,0.2224052924071386
RoofMatl,0.1323831119277882
Exterior1st,0.11961435719139475
Exterior2nd,0.11148514519793895
MasVnrType,-0.07225651713989165
MasVnrArea,0.47524799741497165
ExterQual,-0.6826392416562593
ExterCond,0.11730265704316548
Foundation,0.3824789911901015
BsmtQual,-0.5852071991725192
BsmtCond,-0.21260715648557862
BsmtExposure,-0.29458878403177824
BsmtFinType1,-0.09873436814721036
BsmtFinSF1,0.3864198062421535
BsmtFinType2,0.07271749455212019
BsmtFinSF2,-0.011378121450215148
BsmtUnfSF,0.21447910554696925
TotalBsmtSF,0.613580551559194
Heating,-0.09881207599757642
HeatingQC,-0.4001775431629009
CentralAir,0.2513281638401553
Electrical,0.23494494099321922
1stFlrSF,0.6058521846919154
2ndFlrSF,0.31933380283206736
LowQualFinSF,-0.02560613000067955
GrLivArea,0.7086244776126518
BsmtFullBath,0.22712223313149413
BsmtHalfBath,-0.016844154297358947
FullBath,0.5606637627484453
HalfBath,0.2841076755947826
BedroomAbvGr,0.1682131543007396
KitchenAbvGr,-0.1359073708421411
KitchenQual,-0.6595997207286628
TotRmsAbvGrd,0.5337231555820283
Functional,-0.10761889324399437
Fireplaces,0.46692883675152763
FireplaceQu,-0.09717638681344776
GarageType,-0.415283068452904
GarageYrBlt,0.46905607526113297
GarageFinish,-0.4256842542080417
GarageCars,0.6404091972583521
GarageArea,0.6234314389183621
GarageQual,0.20596282894354573
GarageCond,0.2467052743716191
PavedDrive,0.23135695225722758
WoodDeckSF,0.32441344456812926
OpenPorchSF,0.31585622711605504
EnclosedPorch,-0.12857795792595655
3SsnPorch,0.04458366533574842
ScreenPorch,0.11144657114291114
PoolArea,0.09240354949187321
PoolQC,-0.11548430473054755
Fence,0.14064034406951675
MiscFeature,0.073608819887244
MiscVal,-0.02118957964030321
MoSold,0.046432245223819474
YrSold,-0.028922585168736886
SaleType,0.1002945322695168
SaleCondition,0.2130920296778047
SalePrice,1.0
